Customer_ID,Demographic_Segment,Loyalty_Points,Last_Purchase_Date,App_Session_Duration
1,Loyal Regular,5553,2025-08-27,33.81
2,Loyal Regular,6037,2026-01-18,24.54
3,Occasional Shopper,716,2025-07-07,3.39
4,Bargain Hunter,1662,2025-08-24,13.57
5,Occasional Shopper,64,2026-02-07,3.47
6,Occasional Shopper,474,2025-03-13,3.57
7,Bargain Hunter,1944,2025-05-29,8.2
8,Loyal Regular,10068,2025-12-07,23.16
9,Occasional Shopper,387,2025-03-10,1.2
10,Impulse Buyer,2073,2025-07-18,6.55
11,Bargain Hunter,905,2025-04-03,3.92
12,Bargain Hunter,728,2025-05-18,13.02
13,Loyal Regular,10563,2025-07-31,5.89
14,Bargain Hunter,1467,2025-06-18,18.2
15,Occasional Shopper,85,2026-02-03,3.32
16,Bargain Hunter,610,2025-07-23,19.25
17,Loyal Regular,9015,2025-12-30,20.26
18,Occasional Shopper,658,2025-04-04,1.29
19,Occasional Shopper,319,2025-04-11,5.02
20,Impulse Buyer,2174,2025-05-05,2.27
21,Impulse Buyer,777,2025-12-20,7.48
22,Bargain Hunter,1316,2025-11-21,12
23,Loyal Regular,8809,2025-06-12,18.31
24,Loyal Regular,14532,2025-07-16,25.41
25,Loyal Regular,14463,2025-11-03,34.78
26,Loyal Regular,8271,2026-01-31,31.09
27,Loyal Regular,12678,2025-12-03,6.54
28,Impulse Buyer,1629,2026-02-14,7.06
29,Impulse Buyer,2039,2025-08-14,1.76
30,Loyal Regular,13701,2026-03-01,20.5
31,Impulse Buyer,1913,2025-04-22,7.53
32,Occasional Shopper,83,2025-05-07,5.24
33,Bargain Hunter,621,2025-05-07,4.4
34,Loyal Regular,11297,2025-06-10,14.4
35,Bargain Hunter,1933,2025-06-30,23.34
36,Loyal Regular,10802,2026-03-02,22.86
37,Loyal Regular,4770,2025-12-14,5.1
38,Occasional Shopper,402,2025-03-20,3.06
39,Impulse Buyer,2681,2025-10-30,6.81
40,Bargain Hunter,297,2025-10-28,13.29
41,Occasional Shopper,191,2025-06-19,4.37
42,Impulse Buyer,1806,2025-06-15,2.17
43,Impulse Buyer,2847,2025-04-24,6.79
44,Impulse Buyer,2056,2025-09-17,4.59
45,Loyal Regular,10994,2025-12-18,12.04
46,Loyal Regular,7780,2026-03-03,26.33
47,Loyal Regular,7406,2025-11-09,15.48
48,Impulse Buyer,1721,2026-01-10,1.69
49,Impulse Buyer,2151,2025-08-23,6.37
50,Occasional Shopper,504,2025-05-14,1.59
51,Bargain Hunter,962,2025-09-28,23.04
52,Bargain Hunter,75,2025-10-02,24.26
53,Loyal Regular,12053,2025-10-15,11.63
54,Loyal Regular,9639,2026-01-27,31.49
55,Occasional Shopper,694,2025-07-16,2.08
56,Loyal Regular,7823,2025-10-07,23.78
57,Bargain Hunter,1686,2025-06-29,10.05
58,Impulse Buyer,2378,2026-02-24,3.14
59,Loyal Regular,8307,2025-08-08,26.23
60,Loyal Regular,9437,2026-01-06,30.43
61,Occasional Shopper,113,2025-07-15,6.51
62,Occasional Shopper,766,2025-03-14,2.04
63,Occasional Shopper,159,2025-03-10,4.22
64,Loyal Regular,7321,2025-10-02,26.79
65,Occasional Shopper,261,2025-09-01,6.58
66,Occasional Shopper,260,2025-03-20,4.14
67,Loyal Regular,6740,2025-08-31,23.14
68,Loyal Regular,14025,2026-03-07,16.09
69,Loyal Regular,14357,2026-01-25,18.8
70,Impulse Buyer,2012,2025-08-24,1.67
71,Impulse Buyer,401,2026-03-02,4.49
72,Impulse Buyer,2372,2025-07-04,8.11
73,Impulse Buyer,1416,2025-08-15,8.06
74,Occasional Shopper,781,2025-03-18,4.99
75,Occasional Shopper,720,2025-10-27,1.24
76,Bargain Hunter,373,2025-05-12,10.49
77,Occasional Shopper,17,2025-03-10,7.91
78,Occasional Shopper,208,2025-08-19,4.23
79,Loyal Regular,11267,2026-03-08,27.72
80,Loyal Regular,14001,2025-08-03,10.15
81,Bargain Hunter,404,2026-01-18,10.37
82,Loyal Regular,7498,2026-01-03,29.08
83,Bargain Hunter,1915,2025-06-17,11.1
84,Occasional Shopper,697,2025-03-22,3.72
85,Occasional Shopper,206,2025-03-27,1.36
86,Impulse Buyer,671,2025-03-18,2.01
87,Impulse Buyer,1472,2026-03-10,7.91
88,Bargain Hunter,1951,2025-06-29,6.49
89,Loyal Regular,12726,2026-01-30,11.09
90,Loyal Regular,11901,2025-08-08,11.05
91,Occasional Shopper,428,2025-06-25,4.36
92,Bargain Hunter,1550,2025-06-02,21.24
93,Bargain Hunter,849,2025-12-23,18.64
94,Bargain Hunter,752,2025-11-11,4.65
95,Loyal Regular,7737,2025-10-03,29.33
96,Bargain Hunter,1856,2025-12-26,24.91
97,Impulse Buyer,1808,2025-06-19,5.77
98,Impulse Buyer,2128,2026-01-14,7.96
99,Loyal Regular,9254,2026-01-31,13.62
100,Occasional Shopper,242,2025-03-27,1.66
101,Loyal Regular,14718,2025-05-29,27.21
102,Occasional Shopper,385,2025-04-04,2.68
103,Loyal Regular,5065,2025-12-27,20.35
104,Loyal Regular,4037,2026-03-06,15.69
105,Impulse Buyer,2884,2025-07-11,7.04
106,Impulse Buyer,1949,2025-09-01,9.84
107,Loyal Regular,5006,2026-03-09,13.31
108,Occasional Shopper,140,2025-10-17,6.42
109,Impulse Buyer,2510,2025-05-24,3.05
110,Impulse Buyer,977,2025-12-01,2.3
111,Impulse Buyer,2792,2026-01-02,7.11
112,Occasional Shopper,637,2025-08-08,3.32
113,Loyal Regular,10101,2025-06-27,17.76
114,Impulse Buyer,2487,2025-11-24,6.84
115,Loyal Regular,8012,2025-11-02,19.98
116,Bargain Hunter,908,2025-05-17,15.05
117,Bargain Hunter,1194,2025-10-09,4.44
118,Occasional Shopper,483,2025-04-02,2.51
119,Impulse Buyer,2741,2025-10-05,7.53
120,Occasional Shopper,500,2025-11-08,6.11
121,Occasional Shopper,788,2026-01-12,4.23
122,Bargain Hunter,1767,2025-09-27,7.1
123,Loyal Regular,5153,2026-02-11,10.01
124,Loyal Regular,6024,2025-10-14,16.68
125,Occasional Shopper,358,2026-01-13,5.47
126,Impulse Buyer,2233,2025-07-06,2.88
127,Loyal Regular,7624,2026-01-01,29.84
128,Occasional Shopper,363,2025-04-08,7.03
129,Loyal Regular,10985,2025-12-25,10.84
130,Occasional Shopper,745,2025-06-12,2.75
131,Occasional Shopper,454,2025-12-31,4.59
132,Occasional Shopper,685,2025-04-06,3.71
133,Impulse Buyer,546,2025-08-28,4.75
134,Occasional Shopper,345,2025-03-14,4.97
135,Loyal Regular,13557,2026-01-12,13.39
136,Occasional Shopper,703,2025-08-06,1.51
137,Occasional Shopper,330,2025-05-08,1.96
138,Loyal Regular,8652,2025-09-25,8.37
139,Impulse Buyer,2290,2026-01-06,3.51
140,Loyal Regular,3723,2025-12-09,18.04
141,Occasional Shopper,348,2025-05-29,5.63
142,Loyal Regular,4548,2026-02-21,30.63
143,Bargain Hunter,1127,2025-04-10,5.88
144,Loyal Regular,12205,2025-08-11,25.76
145,Impulse Buyer,1048,2025-11-20,1.66
146,Occasional Shopper,285,2026-01-21,7.63
147,Impulse Buyer,2241,2025-04-01,3.39
148,Occasional Shopper,200,2026-02-18,1.23
149,Bargain Hunter,1450,2025-03-16,14.95
150,Loyal Regular,10592,2026-02-26,18.51
151,Occasional Shopper,331,2025-03-10,2.18
152,Impulse Buyer,2107,2025-06-14,9.18
153,Loyal Regular,14216,2025-07-24,24.6
154,Occasional Shopper,651,2025-03-11,5.96
155,Occasional Shopper,385,2025-11-05,6.11
156,Bargain Hunter,778,2026-01-02,15.7
157,Impulse Buyer,253,2025-10-08,9.75
158,Occasional Shopper,307,2025-07-13,4.02
159,Occasional Shopper,114,2026-03-09,4.22
160,Loyal Regular,10029,2025-07-18,16.59
161,Occasional Shopper,729,2025-04-14,5.16
162,Impulse Buyer,674,2026-01-19,7.62
163,Impulse Buyer,145,2025-03-24,3.97
164,Occasional Shopper,222,2025-03-18,7.22
165,Bargain Hunter,1619,2025-03-18,17.09
166,Loyal Regular,11022,2026-02-28,9.33
167,Impulse Buyer,1657,2025-05-19,2.05
168,Impulse Buyer,1574,2025-03-22,5.44
169,Bargain Hunter,859,2025-12-29,15.42
170,Impulse Buyer,2555,2025-03-15,3.57
171,Loyal Regular,14451,2025-09-09,30.51
172,Occasional Shopper,658,2025-06-03,5.26
173,Occasional Shopper,132,2025-06-30,6.21
174,Bargain Hunter,1410,2025-08-22,6.99
175,Impulse Buyer,436,2025-10-28,6.02
176,Occasional Shopper,500,2026-02-28,1.91
177,Bargain Hunter,432,2025-04-03,10.36
178,Bargain Hunter,236,2025-11-05,9.34
179,Bargain Hunter,1559,2025-04-26,15.09
180,Loyal Regular,12087,2025-08-22,12.38
181,Bargain Hunter,1095,2025-07-17,20.88
182,Occasional Shopper,430,2025-04-05,1.62
183,Bargain Hunter,1805,2025-05-25,3.35
184,Impulse Buyer,710,2025-08-28,3.39
185,Bargain Hunter,89,2025-10-30,24.95
186,Impulse Buyer,616,2026-02-16,7.79
187,Impulse Buyer,2682,2025-10-09,8.91
188,Loyal Regular,9729,2025-09-03,29.95
189,Occasional Shopper,460,2025-04-01,3.84
190,Occasional Shopper,236,2025-05-08,2.65
191,Loyal Regular,5661,2026-01-31,23.17
192,Impulse Buyer,2835,2026-02-19,7.84
193,Impulse Buyer,956,2025-08-31,6.63
194,Impulse Buyer,2545,2025-05-29,6.83
195,Impulse Buyer,2827,2025-07-12,5.17
196,Loyal Regular,3852,2026-02-10,24.76
197,Loyal Regular,10522,2025-10-27,32.77
198,Loyal Regular,5663,2026-02-25,27.23
199,Impulse Buyer,382,2025-03-18,6.26
200,Occasional Shopper,738,2025-05-11,6.04
201,Bargain Hunter,1479,2025-12-12,11.7
202,Loyal Regular,10059,2025-10-17,30.35
203,Bargain Hunter,1540,2025-09-18,12.15
204,Loyal Regular,10036,2025-10-03,22.22
205,Loyal Regular,2214,2025-12-12,15.06
206,Bargain Hunter,332,2025-06-28,24.98
207,Bargain Hunter,110,2025-12-03,10.25
208,Occasional Shopper,78,2025-08-19,1.24
209,Occasional Shopper,364,2025-03-13,1.33
210,Impulse Buyer,1763,2026-01-30,6.25
211,Loyal Regular,6661,2025-12-27,26.06
212,Occasional Shopper,301,2025-07-29,2.84
213,Loyal Regular,2471,2025-06-12,34.28
214,Occasional Shopper,256,2025-05-18,7.68
215,Impulse Buyer,316,2025-11-12,2.04
216,Impulse Buyer,910,2025-10-04,7.75
217,Bargain Hunter,84,2025-09-09,21.49
218,Occasional Shopper,146,2025-09-09,1.55
219,Loyal Regular,9888,2025-07-25,15.26
220,Bargain Hunter,345,2025-04-12,6.26
221,Impulse Buyer,890,2025-09-12,9.58
222,Occasional Shopper,195,2025-08-30,1.8
223,Loyal Regular,10011,2026-02-24,31.68
224,Occasional Shopper,737,2025-08-13,6.39
225,Bargain Hunter,1167,2025-07-02,14.34
226,Occasional Shopper,768,2025-05-05,5.25
227,Bargain Hunter,1436,2026-02-12,24.36
228,Loyal Regular,7971,2026-02-02,34.58
229,Impulse Buyer,1197,2026-02-06,2.35
230,Impulse Buyer,1877,2025-10-04,9.2
231,Impulse Buyer,2665,2025-04-19,3.35
232,Loyal Regular,14674,2025-12-09,6.36
233,Bargain Hunter,1581,2025-07-23,5.83
234,Occasional Shopper,656,2025-09-25,6.5
235,Loyal Regular,11802,2025-12-20,33.98
236,Loyal Regular,14026,2025-11-06,32.03
237,Bargain Hunter,1255,2025-06-30,7
238,Bargain Hunter,75,2025-05-13,12.34
239,Bargain Hunter,570,2025-03-12,9.67
240,Impulse Buyer,342,2026-01-04,6.86
241,Bargain Hunter,1981,2026-03-04,21.31
242,Impulse Buyer,332,2025-04-02,1.64
243,Occasional Shopper,460,2025-04-29,6.11
244,Impulse Buyer,473,2025-08-25,6.48
245,Impulse Buyer,2442,2025-08-26,1.25
246,Occasional Shopper,375,2025-04-08,5.67
247,Impulse Buyer,2953,2025-05-25,2.01
248,Impulse Buyer,117,2025-11-11,4.72
249,Loyal Regular,8540,2026-02-25,28.78
250,Loyal Regular,3362,2025-12-20,27.87
251,Loyal Regular,11573,2026-02-07,16.38
252,Bargain Hunter,741,2025-05-24,12.17
253,Occasional Shopper,298,2025-06-06,5.34
254,Loyal Regular,13188,2025-09-27,8.26
255,Occasional Shopper,787,2025-12-30,2.38
256,Impulse Buyer,718,2025-10-27,6.67
257,Bargain Hunter,1445,2025-12-20,3.22
258,Bargain Hunter,1288,2025-05-25,18.52
259,Impulse Buyer,874,2025-09-04,7.97
260,Occasional Shopper,244,2025-03-17,7.04
261,Occasional Shopper,680,2025-07-18,1.3
262,Impulse Buyer,2068,2025-08-26,9.43
263,Bargain Hunter,1155,2025-09-03,5.94
264,Occasional Shopper,642,2025-11-02,2.94
265,Occasional Shopper,322,2025-03-17,2.58
266,Loyal Regular,8106,2025-12-19,23.25
267,Bargain Hunter,92,2025-04-01,20.85
268,Bargain Hunter,1862,2025-04-22,20.27
269,Impulse Buyer,2550,2025-08-19,4.71
270,Impulse Buyer,106,2026-02-10,8.63
271,Loyal Regular,12379,2025-11-09,12.97
272,Bargain Hunter,349,2026-02-24,12.21
273,Occasional Shopper,494,2025-03-31,3.64
274,Loyal Regular,5876,2025-07-14,14.25
275,Impulse Buyer,331,2025-10-19,3.54
276,Occasional Shopper,115,2025-10-02,4.6
277,Occasional Shopper,745,2025-03-22,1.82
278,Impulse Buyer,109,2025-06-11,7.74
279,Bargain Hunter,1601,2025-07-09,3.34
280,Loyal Regular,2264,2026-02-11,17.28
281,Bargain Hunter,1946,2025-03-19,6.76
282,Impulse Buyer,947,2025-04-08,8.72
283,Bargain Hunter,1112,2026-02-20,14.85
284,Loyal Regular,5796,2025-08-14,10.79
285,Occasional Shopper,674,2025-12-01,5.85
286,Occasional Shopper,249,2025-10-19,3.56
287,Loyal Regular,12681,2025-11-11,32.14
288,Impulse Buyer,2920,2025-06-02,1.5
289,Impulse Buyer,814,2025-12-10,1.67
290,Impulse Buyer,1217,2026-02-15,8.82
291,Occasional Shopper,55,2025-11-16,4.52
292,Occasional Shopper,605,2025-08-28,7.88
293,Occasional Shopper,153,2025-05-14,5.95
294,Loyal Regular,8469,2025-12-13,16.84
295,Occasional Shopper,84,2025-12-14,3.91
296,Impulse Buyer,436,2025-12-12,5.61
297,Impulse Buyer,2770,2026-02-23,5.74
298,Impulse Buyer,181,2025-12-24,2.45
299,Occasional Shopper,213,2025-03-11,3.97
300,Occasional Shopper,77,2025-04-02,2.14
301,Impulse Buyer,2443,2025-11-03,2.23
302,Occasional Shopper,478,2025-11-27,6.7
303,Loyal Regular,2472,2025-11-22,30.67
304,Impulse Buyer,1560,2025-12-30,7.02
305,Bargain Hunter,1545,2025-07-14,8.92
306,Occasional Shopper,783,2025-12-02,3.78
307,Loyal Regular,7636,2026-02-02,28.59
308,Bargain Hunter,1038,2025-12-06,16.5
309,Loyal Regular,14150,2025-07-18,8.81
310,Occasional Shopper,637,2025-05-21,7.26
311,Bargain Hunter,1683,2025-11-22,8.24
312,Bargain Hunter,405,2025-08-06,19.95
313,Bargain Hunter,1429,2025-07-12,24.96
314,Impulse Buyer,968,2025-04-06,5.83
315,Occasional Shopper,513,2025-05-04,1.57
316,Loyal Regular,12930,2026-02-28,31.27
317,Loyal Regular,14880,2026-03-09,24.32
318,Loyal Regular,13551,2025-11-21,28.12
319,Impulse Buyer,2125,2025-09-05,9.21
320,Loyal Regular,7316,2026-01-13,13.65
321,Impulse Buyer,1897,2025-07-20,2.75
322,Impulse Buyer,2695,2025-10-19,2.23
323,Impulse Buyer,2195,2025-03-15,4.79
324,Loyal Regular,13075,2026-03-09,12.26
325,Occasional Shopper,753,2026-01-09,1.51
326,Occasional Shopper,123,2025-03-19,6.53
327,Loyal Regular,5616,2025-12-16,27.99
328,Loyal Regular,14264,2026-02-01,20.11
329,Bargain Hunter,1613,2025-11-20,11.98
330,Impulse Buyer,341,2025-11-26,4.1
331,Occasional Shopper,384,2025-05-07,2.46
332,Loyal Regular,13428,2026-02-04,22.52
333,Occasional Shopper,39,2026-03-01,4
334,Occasional Shopper,347,2025-11-13,3.36
335,Occasional Shopper,698,2025-03-13,3.35
336,Occasional Shopper,364,2025-05-15,3.83
337,Loyal Regular,9557,2025-05-22,22.23
338,Occasional Shopper,117,2025-03-15,7.1
339,Loyal Regular,7673,2025-08-16,28.95
340,Impulse Buyer,2424,2025-12-15,7.12
341,Impulse Buyer,225,2026-03-01,1.12
342,Occasional Shopper,586,2026-02-03,1.75
343,Loyal Regular,10511,2025-09-08,16.55
344,Impulse Buyer,2442,2025-11-27,6.33
345,Bargain Hunter,211,2025-11-09,4.91
346,Loyal Regular,8036,2025-10-09,10.41
347,Impulse Buyer,1679,2025-06-01,4.94
348,Occasional Shopper,460,2025-05-18,7.33
349,Impulse Buyer,2741,2025-08-03,9.41
350,Impulse Buyer,416,2025-04-11,8.3
351,Impulse Buyer,2203,2025-10-15,7.99
352,Impulse Buyer,2235,2025-03-10,9.36
353,Bargain Hunter,1261,2025-12-31,7.24
354,Occasional Shopper,472,2025-05-18,3.11
355,Bargain Hunter,996,2025-08-28,11.69
356,Loyal Regular,11676,2025-11-19,18.14
357,Bargain Hunter,1811,2025-12-09,12.84
358,Occasional Shopper,375,2025-09-23,5.65
359,Impulse Buyer,2404,2026-02-17,8.61
360,Loyal Regular,4942,2025-10-09,21.57
361,Occasional Shopper,206,2025-04-05,6.94
362,Occasional Shopper,118,2025-06-15,6.68
363,Impulse Buyer,2426,2025-07-08,8.64
364,Loyal Regular,4464,2025-12-10,5.84
365,Loyal Regular,2535,2025-10-12,17.23
366,Impulse Buyer,1870,2025-12-18,4.77
367,Occasional Shopper,400,2025-07-01,6.25
368,Occasional Shopper,372,2025-07-06,4.71
369,Bargain Hunter,694,2025-10-20,13.09
370,Impulse Buyer,2839,2025-08-18,7.73
371,Bargain Hunter,1224,2025-05-18,7.1
372,Occasional Shopper,678,2025-05-26,4.4
373,Bargain Hunter,1976,2025-10-19,4.34
374,Impulse Buyer,706,2025-10-24,1.36
375,Occasional Shopper,338,2025-06-04,6.01
376,Loyal Regular,4953,2025-10-15,9.76
377,Loyal Regular,13900,2025-11-24,28.49
378,Loyal Regular,14762,2025-06-20,11.35
379,Impulse Buyer,2806,2025-09-26,1.55
380,Occasional Shopper,511,2026-02-15,3.12
381,Occasional Shopper,7,2025-07-20,2.78
382,Impulse Buyer,2003,2025-09-17,6.95
383,Occasional Shopper,707,2025-07-29,2.71
384,Bargain Hunter,775,2025-09-25,12.36
385,Occasional Shopper,474,2025-12-07,7.23
386,Occasional Shopper,412,2025-08-17,1.98
387,Bargain Hunter,1864,2025-05-07,21.43
388,Impulse Buyer,2903,2025-04-05,3.7
389,Loyal Regular,11868,2026-02-16,8.22
390,Loyal Regular,12417,2025-09-04,25.78
391,Loyal Regular,4751,2025-09-17,33.1
392,Loyal Regular,13785,2025-11-30,27.55
393,Impulse Buyer,2089,2025-04-15,3.62
394,Loyal Regular,11593,2025-12-27,17.16
395,Occasional Shopper,621,2025-06-01,3.84
396,Occasional Shopper,56,2025-03-20,2.75
397,Loyal Regular,4052,2025-10-11,29.38
398,Loyal Regular,13800,2025-07-24,18.78
399,Loyal Regular,8193,2026-02-25,20.16
400,Loyal Regular,9534,2025-10-17,26.63
401,Bargain Hunter,332,2025-06-08,20.51
402,Bargain Hunter,1088,2026-01-08,15.81
403,Impulse Buyer,793,2026-03-02,7.68
404,Loyal Regular,13763,2026-01-28,26.38
405,Bargain Hunter,486,2025-12-03,6.07
406,Impulse Buyer,1366,2025-07-01,6.12
407,Loyal Regular,5481,2025-08-04,9.5
408,Occasional Shopper,420,2025-04-19,6.73
409,Impulse Buyer,2532,2025-03-20,9.73
410,Impulse Buyer,1904,2026-02-16,5.98
411,Impulse Buyer,1957,2025-12-31,9.53
412,Loyal Regular,4080,2025-07-27,29.84
413,Impulse Buyer,1234,2026-02-10,9.9
414,Loyal Regular,8443,2025-09-08,6.75
415,Impulse Buyer,2835,2025-09-22,1.01
416,Impulse Buyer,2370,2025-12-12,5.58
417,Loyal Regular,14585,2025-11-26,29.96
418,Loyal Regular,4954,2025-07-20,28.26
419,Bargain Hunter,491,2025-10-10,18.44
420,Occasional Shopper,674,2025-11-01,4.16
421,Bargain Hunter,174,2025-10-03,5.76
422,Loyal Regular,13082,2025-10-22,6.93
423,Occasional Shopper,419,2025-07-26,6.79
424,Bargain Hunter,1787,2025-03-23,18.24
425,Impulse Buyer,1434,2025-09-30,1.8
426,Bargain Hunter,310,2025-12-19,15.11
427,Impulse Buyer,1531,2025-04-15,9.6
428,Impulse Buyer,852,2025-11-05,9.57
429,Loyal Regular,2511,2026-01-10,14.29
430,Bargain Hunter,1274,2026-02-18,18.39
431,Impulse Buyer,735,2025-03-19,4.59
432,Bargain Hunter,484,2025-04-19,21.79
433,Impulse Buyer,2737,2025-08-21,4.22
434,Loyal Regular,5490,2025-05-25,22.78
435,Bargain Hunter,1724,2025-07-03,23.17
436,Loyal Regular,10030,2025-12-30,29.13
437,Impulse Buyer,1230,2025-11-03,8.51
438,Occasional Shopper,68,2025-07-14,1.76
439,Occasional Shopper,272,2025-08-15,1.91
440,Impulse Buyer,2757,2025-07-31,2.1
441,Occasional Shopper,204,2025-07-05,1.06
442,Occasional Shopper,517,2025-04-12,4.78
443,Occasional Shopper,197,2025-06-29,3.52
444,Bargain Hunter,581,2025-05-24,18.72
445,Impulse Buyer,2218,2025-03-14,3.74
446,Impulse Buyer,1130,2025-08-15,3.44
447,Occasional Shopper,724,2025-07-16,2.65
448,Bargain Hunter,339,2025-06-20,8.24
449,Loyal Regular,12907,2026-03-06,9
450,Bargain Hunter,307,2025-04-22,21.69
451,Occasional Shopper,594,2025-11-20,5.77
452,Loyal Regular,13015,2025-10-18,8.54
453,Occasional Shopper,693,2025-07-12,6.96
454,Loyal Regular,4917,2025-12-24,27.79
455,Bargain Hunter,918,2025-12-12,18.83
456,Bargain Hunter,1197,2025-07-06,4.73
457,Bargain Hunter,1097,2025-07-17,15.09
458,Impulse Buyer,2084,2025-07-06,9.52
459,Bargain Hunter,1764,2025-06-26,19.08
460,Occasional Shopper,436,2025-03-17,4
461,Bargain Hunter,1482,2025-03-12,23.21
462,Impulse Buyer,1915,2025-11-17,5.63
463,Impulse Buyer,2263,2025-05-21,3.75
464,Impulse Buyer,1276,2025-03-16,9.27
465,Impulse Buyer,2823,2025-06-04,9.99
466,Impulse Buyer,2389,2025-06-02,9.51
467,Impulse Buyer,1432,2025-12-27,5.27
468,Bargain Hunter,623,2025-07-23,4.67
469,Bargain Hunter,963,2025-10-03,16.95
470,Occasional Shopper,163,2025-04-02,1.43
471,Bargain Hunter,1036,2025-08-23,17.67
472,Loyal Regular,14964,2025-07-27,34.18
473,Bargain Hunter,51,2025-03-28,3.78
474,Occasional Shopper,252,2025-10-24,7.34
475,Loyal Regular,6861,2025-10-25,33.03
476,Loyal Regular,4107,2026-02-02,27.04
477,Impulse Buyer,2054,2025-03-17,7.83
478,Impulse Buyer,520,2025-12-03,4.58
479,Impulse Buyer,2216,2025-08-25,6.14
480,Bargain Hunter,971,2025-11-26,5.7
481,Impulse Buyer,400,2025-08-18,9.44
482,Occasional Shopper,214,2026-02-19,5.41
483,Occasional Shopper,139,2025-08-31,1.92
484,Loyal Regular,5645,2025-06-19,26.74
485,Occasional Shopper,326,2025-04-20,7.45
486,Impulse Buyer,770,2025-06-21,5.34
487,Loyal Regular,6768,2025-12-07,12.14
488,Occasional Shopper,460,2025-03-11,2.42
489,Loyal Regular,4937,2026-02-17,12.11
490,Loyal Regular,10551,2026-01-08,6.59
491,Loyal Regular,12680,2025-12-10,29.93
492,Loyal Regular,4994,2026-02-04,18.98
493,Occasional Shopper,494,2025-04-16,2.79
494,Bargain Hunter,186,2025-10-06,17.37
495,Impulse Buyer,2590,2025-07-24,8.71
496,Loyal Regular,12795,2025-08-03,19.88
497,Impulse Buyer,144,2025-11-15,8.46
498,Bargain Hunter,1169,2026-01-18,3.82
499,Bargain Hunter,122,2025-06-08,6.06
500,Loyal Regular,7902,2025-10-14,15.94
501,Impulse Buyer,1175,2025-08-13,4.26
502,Occasional Shopper,358,2025-03-15,3.61
503,Loyal Regular,13271,2026-02-05,32.15
504,Impulse Buyer,1598,2025-07-26,5.77
505,Impulse Buyer,156,2025-06-14,1.27
506,Loyal Regular,14151,2026-01-15,23.94
507,Loyal Regular,5519,2025-05-17,13.42
508,Impulse Buyer,218,2025-04-05,7.28
509,Loyal Regular,11703,2025-11-17,14.86
510,Impulse Buyer,2431,2025-05-07,2.71
511,Occasional Shopper,378,2025-05-27,3.53
512,Loyal Regular,6498,2025-10-31,11.05
513,Bargain Hunter,960,2026-01-03,6.09
514,Loyal Regular,4773,2026-01-31,11.2
515,Impulse Buyer,177,2025-09-02,3.96
516,Loyal Regular,6847,2025-10-04,7.82
517,Loyal Regular,12916,2026-01-16,18.88
518,Occasional Shopper,323,2026-02-13,2.35
519,Bargain Hunter,246,2025-04-05,23.77
520,Loyal Regular,8562,2026-02-08,26.8
521,Occasional Shopper,11,2025-12-21,3.9
522,Bargain Hunter,1984,2025-04-11,10.48
523,Loyal Regular,9026,2026-01-30,27.33
524,Loyal Regular,11227,2026-01-27,21.97
525,Loyal Regular,8593,2025-12-26,11.52
526,Occasional Shopper,518,2025-03-11,3.93
527,Loyal Regular,6684,2026-02-13,14.42
528,Bargain Hunter,1229,2025-03-31,8.29
529,Impulse Buyer,2910,2025-12-24,1.37
530,Impulse Buyer,2837,2025-06-16,5.45
531,Impulse Buyer,2116,2025-12-04,6.24
532,Loyal Regular,5038,2026-02-06,33.54
533,Bargain Hunter,220,2025-11-21,11.81
534,Bargain Hunter,1949,2025-06-29,12.35
535,Occasional Shopper,753,2025-06-14,1.13
536,Loyal Regular,10089,2026-01-29,29.73
537,Bargain Hunter,832,2026-02-28,23.48
538,Impulse Buyer,1993,2025-06-24,4.58
539,Impulse Buyer,2543,2025-08-28,9.31
540,Bargain Hunter,1057,2025-09-26,15.81
541,Loyal Regular,13206,2025-05-06,21.73
542,Loyal Regular,12437,2025-11-20,28.42
543,Loyal Regular,13769,2025-09-21,25.2
544,Impulse Buyer,1893,2025-08-31,2.73
545,Loyal Regular,7155,2025-05-10,21.71
546,Loyal Regular,12978,2025-09-18,12.58
547,Impulse Buyer,2808,2025-09-28,1.01
548,Impulse Buyer,2366,2026-02-27,4.49
549,Impulse Buyer,1917,2025-07-02,6.1
550,Bargain Hunter,1881,2025-10-15,4.15
551,Loyal Regular,13811,2025-11-23,21
552,Impulse Buyer,2902,2025-07-12,2.22
553,Impulse Buyer,2394,2025-08-18,6.45
554,Impulse Buyer,297,2026-03-08,5.32
555,Bargain Hunter,543,2026-01-10,15.65
556,Impulse Buyer,1826,2025-12-04,6.93
557,Bargain Hunter,1406,2025-09-03,13.88
558,Loyal Regular,12667,2025-11-30,29.16
559,Loyal Regular,5717,2025-08-13,18.88
560,Occasional Shopper,275,2026-02-21,3.07
561,Bargain Hunter,1190,2025-09-01,24.6
562,Bargain Hunter,1135,2025-12-12,18.89
563,Occasional Shopper,593,2025-03-13,3.76
564,Occasional Shopper,257,2025-03-21,5.9
565,Bargain Hunter,151,2025-03-29,6.6
566,Loyal Regular,5115,2026-01-31,5.85
567,Impulse Buyer,2643,2025-05-21,7.91
568,Loyal Regular,14079,2026-02-06,18.62
569,Loyal Regular,2249,2025-08-05,9.12
570,Loyal Regular,10170,2025-10-12,31.96
571,Loyal Regular,3060,2025-10-03,32.16
572,Bargain Hunter,588,2025-12-15,12.8
573,Impulse Buyer,241,2025-04-30,7.54
574,Loyal Regular,10295,2025-10-16,15.91
575,Occasional Shopper,755,2025-04-06,4.1
576,Bargain Hunter,1735,2025-08-01,7.48
577,Occasional Shopper,496,2025-03-28,6.66
578,Loyal Regular,5422,2026-01-11,30.85
579,Occasional Shopper,105,2025-06-26,3.87
580,Occasional Shopper,187,2025-04-01,4.85
581,Loyal Regular,14502,2026-03-09,27.92
582,Bargain Hunter,1808,2026-02-04,4.91
583,Impulse Buyer,2732,2025-11-17,4.33
584,Loyal Regular,3625,2025-11-02,10.66
585,Bargain Hunter,413,2025-10-12,18.65
586,Loyal Regular,9560,2025-11-27,28.01
587,Occasional Shopper,202,2025-10-05,4.64
588,Occasional Shopper,284,2026-03-03,3.66
589,Loyal Regular,2808,2025-05-31,21.81
590,Impulse Buyer,1570,2025-10-17,9.57
591,Occasional Shopper,246,2025-04-24,7.03
592,Loyal Regular,9137,2025-10-21,15.09
593,Loyal Regular,7415,2025-11-27,24.76
594,Bargain Hunter,62,2025-04-17,11.02
595,Impulse Buyer,597,2025-11-13,5.12
596,Loyal Regular,10221,2026-01-21,25.21
597,Occasional Shopper,721,2025-04-10,7.35
598,Loyal Regular,7945,2025-12-08,11.82
599,Impulse Buyer,398,2025-10-06,8.32
600,Impulse Buyer,2515,2026-03-06,1.09
601,Impulse Buyer,1032,2025-07-31,6.27
602,Impulse Buyer,2757,2025-03-24,9.48
603,Loyal Regular,4955,2026-02-15,24.35
604,Loyal Regular,14492,2026-02-03,9.28
605,Bargain Hunter,865,2025-07-01,8.42
606,Impulse Buyer,1134,2025-05-03,4.2
607,Bargain Hunter,934,2025-07-10,7.45
608,Occasional Shopper,737,2025-05-08,5.33
609,Bargain Hunter,393,2025-11-19,15.89
610,Occasional Shopper,326,2025-04-13,4.33
611,Bargain Hunter,1857,2025-06-16,9.97
612,Loyal Regular,4323,2025-11-02,19.19
613,Impulse Buyer,169,2026-02-24,7.49
614,Bargain Hunter,1937,2025-04-01,21.47
615,Occasional Shopper,57,2025-03-10,7.74
616,Occasional Shopper,591,2025-10-21,7.47
617,Loyal Regular,5279,2025-09-26,31.25
618,Bargain Hunter,1852,2026-02-27,16.84
619,Bargain Hunter,246,2026-03-05,18.97
620,Impulse Buyer,1397,2025-10-09,6.87
621,Loyal Regular,2319,2026-02-15,33.88
622,Bargain Hunter,598,2026-03-03,21.7
623,Bargain Hunter,1113,2025-06-02,8.98
624,Bargain Hunter,1762,2025-07-13,17.21
625,Impulse Buyer,2811,2025-03-26,8.67
626,Occasional Shopper,411,2025-08-11,7.25
627,Occasional Shopper,251,2026-01-04,3.37
628,Occasional Shopper,382,2025-05-22,4.09
629,Bargain Hunter,963,2025-07-18,13.11
630,Occasional Shopper,115,2025-05-14,3.05
631,Impulse Buyer,1813,2026-02-14,9.27
632,Impulse Buyer,1760,2025-08-27,6.2
633,Occasional Shopper,244,2025-04-29,5.42
634,Impulse Buyer,537,2026-02-12,8.52
635,Impulse Buyer,2424,2025-11-07,8.54
636,Loyal Regular,2953,2026-03-05,29.52
637,Loyal Regular,2009,2025-07-14,13.69
638,Loyal Regular,2653,2026-01-20,33.97
639,Occasional Shopper,74,2025-03-17,4.91
640,Loyal Regular,12336,2026-03-07,21.34
641,Loyal Regular,10374,2026-01-27,13.16
642,Bargain Hunter,817,2025-06-25,13.91
643,Occasional Shopper,388,2025-07-07,3.83
644,Impulse Buyer,2816,2025-11-10,7.76
645,Loyal Regular,2433,2025-12-09,25.56
646,Bargain Hunter,398,2025-08-08,23.6
647,Occasional Shopper,662,2025-03-11,2.17
648,Occasional Shopper,458,2025-03-12,6.5
649,Occasional Shopper,505,2025-09-07,1.42
650,Bargain Hunter,1134,2025-04-27,19.75
651,Bargain Hunter,457,2026-01-09,23.05
652,Loyal Regular,2689,2025-12-19,5.6
653,Occasional Shopper,602,2025-03-14,4.69
654,Occasional Shopper,69,2025-03-30,4.55
655,Bargain Hunter,596,2025-03-31,19.17
656,Loyal Regular,7525,2026-01-07,11.26
657,Bargain Hunter,1739,2025-03-18,19.79
658,Loyal Regular,5790,2026-03-08,26.15
659,Occasional Shopper,487,2025-05-02,4.76
660,Loyal Regular,11473,2025-11-11,34.67
661,Occasional Shopper,689,2025-09-08,2.45
662,Loyal Regular,14279,2025-12-04,33.3
663,Impulse Buyer,2883,2025-07-15,1.05
664,Loyal Regular,6596,2026-02-20,27.11
665,Loyal Regular,9323,2026-03-03,23.31
666,Bargain Hunter,229,2025-05-08,13.81
667,Impulse Buyer,1639,2026-01-01,4.79
668,Impulse Buyer,521,2025-03-15,4.4
669,Impulse Buyer,136,2025-07-03,5.11
670,Impulse Buyer,2417,2025-08-18,5.84
671,Occasional Shopper,50,2025-08-06,5.6
672,Occasional Shopper,632,2026-01-24,5.92
673,Occasional Shopper,336,2025-10-05,7.87
674,Loyal Regular,5794,2025-05-26,5.13
675,Impulse Buyer,1929,2025-05-17,2.42
676,Bargain Hunter,1561,2025-11-28,13.01
677,Impulse Buyer,1174,2025-05-05,9.21
678,Occasional Shopper,529,2025-04-05,2.96
679,Impulse Buyer,2234,2025-08-27,8.21
680,Occasional Shopper,8,2025-06-04,4.61
681,Loyal Regular,9986,2025-11-30,22.94
682,Impulse Buyer,1374,2025-07-12,7.09
683,Impulse Buyer,1382,2025-09-19,8.87
684,Occasional Shopper,701,2025-12-20,2.82
685,Occasional Shopper,604,2025-09-26,3.39
686,Occasional Shopper,722,2026-02-19,7.91
687,Bargain Hunter,256,2025-11-07,5.14
688,Occasional Shopper,225,2025-03-14,5.28
689,Bargain Hunter,1972,2025-06-23,15.56
690,Occasional Shopper,461,2025-03-11,6.95
691,Loyal Regular,9984,2026-02-24,23.53
692,Loyal Regular,11922,2026-03-10,20.07
693,Loyal Regular,9310,2025-11-24,27.82
694,Loyal Regular,4878,2025-12-04,32.48
695,Impulse Buyer,1711,2025-04-29,2.35
696,Loyal Regular,8531,2025-10-19,30.51
697,Bargain Hunter,760,2025-04-07,11.04
698,Occasional Shopper,600,2025-10-28,2.02
699,Bargain Hunter,1331,2025-07-21,22.79
700,Impulse Buyer,1611,2026-02-22,6.77
701,Bargain Hunter,98,2025-09-08,23.42
702,Impulse Buyer,1904,2025-09-14,4.65
703,Bargain Hunter,96,2025-05-29,12.09
704,Loyal Regular,11459,2025-09-29,25.74
705,Loyal Regular,2759,2025-12-14,13.97
706,Impulse Buyer,1139,2025-04-23,5.19
707,Bargain Hunter,610,2025-10-24,14.29
708,Bargain Hunter,998,2025-05-14,21.2
709,Impulse Buyer,2742,2026-02-20,1.08
710,Bargain Hunter,1560,2026-01-05,20.61
711,Occasional Shopper,380,2026-03-02,5.82
712,Impulse Buyer,415,2025-11-02,1.3
713,Impulse Buyer,247,2025-10-15,7.25
714,Bargain Hunter,1811,2026-01-13,6.92
715,Loyal Regular,5534,2026-02-04,11.5
716,Bargain Hunter,284,2025-08-06,16.22
717,Impulse Buyer,1020,2025-10-02,1.18
718,Impulse Buyer,1971,2025-08-16,8.14
719,Loyal Regular,3351,2025-10-18,6.14
720,Impulse Buyer,1994,2025-08-09,6.48
721,Loyal Regular,9585,2025-09-05,10.81
722,Impulse Buyer,1545,2026-01-24,8.04
723,Loyal Regular,4799,2025-12-23,9.26
724,Occasional Shopper,488,2025-12-09,1.74
725,Impulse Buyer,1701,2025-05-30,1.1
726,Impulse Buyer,1724,2025-12-17,9.71
727,Bargain Hunter,317,2025-03-14,13.01
728,Loyal Regular,2918,2026-02-10,11.23
729,Loyal Regular,8577,2026-02-05,17.1
730,Bargain Hunter,1226,2025-05-20,7.81
731,Occasional Shopper,308,2025-10-07,7.82
732,Bargain Hunter,1118,2026-03-04,9.16
733,Loyal Regular,2690,2025-11-13,9.08
734,Occasional Shopper,468,2025-06-30,5.34
735,Bargain Hunter,334,2025-03-20,10.05
736,Occasional Shopper,368,2025-08-12,6.22
737,Impulse Buyer,766,2025-11-22,9.23
738,Impulse Buyer,2278,2025-09-22,8.35
739,Impulse Buyer,1554,2025-06-27,8.02
740,Impulse Buyer,2587,2026-01-07,3.9
741,Occasional Shopper,96,2025-05-10,4.83
742,Bargain Hunter,1206,2025-07-16,10.8
743,Occasional Shopper,486,2025-09-06,4.07
744,Loyal Regular,13810,2025-04-10,14.68
745,Bargain Hunter,329,2025-04-26,22.3
746,Impulse Buyer,611,2025-05-24,8.18
747,Loyal Regular,13261,2025-12-21,33.2
748,Occasional Shopper,408,2025-06-12,6.75
749,Bargain Hunter,1093,2026-03-09,19.39
750,Occasional Shopper,612,2025-09-01,3.34
751,Occasional Shopper,781,2025-03-12,5.02
752,Loyal Regular,5079,2025-05-08,11.83
753,Loyal Regular,11041,2025-11-24,30.19
754,Occasional Shopper,775,2025-08-28,7.9
755,Occasional Shopper,188,2026-01-23,7.23
756,Impulse Buyer,289,2025-10-27,6.07
757,Impulse Buyer,2202,2025-07-22,5.81
758,Impulse Buyer,1275,2026-01-10,3.92
759,Impulse Buyer,865,2025-09-30,8.89
760,Impulse Buyer,302,2025-05-07,4.66
761,Occasional Shopper,12,2025-03-11,3.97
762,Occasional Shopper,613,2025-05-13,5.76
763,Loyal Regular,3536,2025-08-23,20.05
764,Occasional Shopper,795,2025-08-12,5.19
765,Occasional Shopper,264,2025-05-01,4.03
766,Occasional Shopper,109,2025-07-04,3.5
767,Occasional Shopper,363,2026-01-08,5.54
768,Loyal Regular,6164,2025-09-22,24.29
769,Loyal Regular,8845,2026-01-07,16.13
770,Bargain Hunter,159,2025-05-30,17.59
771,Impulse Buyer,2215,2025-07-16,1.64
772,Bargain Hunter,281,2025-06-03,5.31
773,Bargain Hunter,206,2025-07-20,13.7
774,Bargain Hunter,1957,2025-09-29,13.91
775,Loyal Regular,4818,2026-02-24,31.36
776,Impulse Buyer,1632,2025-12-25,2.29
777,Loyal Regular,7828,2026-01-12,27.67
778,Loyal Regular,12318,2025-12-20,25.09
779,Impulse Buyer,1027,2026-03-01,3.41
780,Impulse Buyer,215,2025-05-23,7.75
781,Bargain Hunter,1387,2025-05-17,21.72
782,Impulse Buyer,1945,2025-08-22,5.23
783,Impulse Buyer,1465,2025-03-21,3.05
784,Impulse Buyer,787,2025-05-11,3.3
785,Loyal Regular,2741,2026-03-05,21.19
786,Impulse Buyer,2047,2026-01-28,7.51
787,Impulse Buyer,2425,2026-01-29,9.52
788,Occasional Shopper,242,2026-01-27,4.59
789,Impulse Buyer,2151,2025-08-04,8.73
790,Loyal Regular,3457,2026-01-27,27.11
791,Bargain Hunter,892,2026-01-24,23.39
792,Loyal Regular,2948,2025-04-18,30.25
793,Loyal Regular,14146,2025-11-12,17.59
794,Bargain Hunter,83,2026-01-18,13.98
795,Impulse Buyer,1170,2025-11-15,9.77
796,Loyal Regular,2989,2025-10-18,30.95
797,Loyal Regular,10869,2026-02-02,7.95
798,Loyal Regular,11149,2026-02-04,18.22
799,Loyal Regular,14221,2025-05-05,21.98
800,Impulse Buyer,1329,2025-06-19,1.43
801,Impulse Buyer,1670,2025-03-11,2.5
802,Loyal Regular,10005,2025-08-16,32.76
803,Loyal Regular,9240,2026-02-19,17.9
804,Bargain Hunter,1225,2025-08-17,3.75
805,Bargain Hunter,1537,2026-02-20,4.51
806,Impulse Buyer,2753,2025-04-01,6.29
807,Loyal Regular,12592,2025-09-04,19.89
808,Loyal Regular,13306,2026-01-14,15.26
809,Occasional Shopper,43,2025-04-01,4.65
810,Bargain Hunter,318,2025-06-22,12.1
811,Occasional Shopper,527,2026-03-07,1.92
812,Impulse Buyer,1334,2025-08-28,2.61
813,Impulse Buyer,2973,2025-12-18,9.93
814,Occasional Shopper,365,2026-01-29,7.1
815,Loyal Regular,14311,2026-01-28,22.03
816,Occasional Shopper,726,2025-11-27,4.61
817,Bargain Hunter,1062,2026-02-23,8.4
818,Impulse Buyer,1226,2025-09-13,3.38
819,Bargain Hunter,1909,2026-03-09,13.03
820,Bargain Hunter,1695,2025-12-08,11.5
821,Impulse Buyer,234,2025-11-16,8.21
822,Impulse Buyer,2099,2025-05-31,1.16
823,Bargain Hunter,1800,2025-09-30,13.2
824,Loyal Regular,12927,2025-12-20,33.15
825,Loyal Regular,5740,2026-02-06,11.82
826,Impulse Buyer,1605,2025-10-12,5.69
827,Bargain Hunter,215,2025-04-19,15.92
828,Loyal Regular,10586,2025-06-28,23.3
829,Occasional Shopper,405,2025-08-01,6.95
830,Loyal Regular,9886,2026-02-13,29.61
831,Loyal Regular,9668,2026-02-12,27.83
832,Bargain Hunter,1324,2025-04-24,10.74
833,Occasional Shopper,439,2025-03-18,5.82
834,Occasional Shopper,341,2026-02-19,4.2
835,Bargain Hunter,1869,2025-09-15,4.19
836,Occasional Shopper,568,2025-09-08,7.15
837,Loyal Regular,2914,2025-10-26,5.24
838,Impulse Buyer,2174,2026-01-13,1.81
839,Occasional Shopper,331,2025-04-22,4.05
840,Bargain Hunter,1200,2026-02-14,16.88
841,Occasional Shopper,178,2025-05-16,6.38
842,Impulse Buyer,2191,2026-01-10,4.18
843,Occasional Shopper,205,2025-07-02,6.43
844,Impulse Buyer,1442,2026-01-26,4.02
845,Impulse Buyer,796,2026-01-15,6.57
846,Bargain Hunter,391,2025-05-09,5.56
847,Occasional Shopper,351,2025-03-10,5.26
848,Bargain Hunter,1096,2025-06-09,6.53
849,Impulse Buyer,1763,2025-05-21,9.86
850,Bargain Hunter,811,2025-04-14,16.81
851,Loyal Regular,11316,2025-12-17,23.63
852,Bargain Hunter,726,2025-04-17,17.97
853,Occasional Shopper,652,2025-03-15,4.16
854,Impulse Buyer,1931,2025-08-02,8.68
855,Impulse Buyer,2115,2025-08-01,7.51
856,Impulse Buyer,1212,2025-08-02,9.56
857,Impulse Buyer,2810,2025-05-17,2.25
858,Loyal Regular,9180,2026-01-11,17.18
859,Loyal Regular,10884,2026-03-05,7.97
860,Impulse Buyer,684,2026-02-17,5.36
861,Impulse Buyer,2739,2025-11-12,3.53
862,Occasional Shopper,708,2026-02-22,2.83
863,Impulse Buyer,2360,2025-06-16,9.3
864,Loyal Regular,13102,2025-09-06,8.73
865,Impulse Buyer,1566,2025-10-08,9.11
866,Occasional Shopper,120,2025-08-03,6.67
867,Loyal Regular,4045,2025-07-18,9.5
868,Bargain Hunter,1801,2025-08-12,24.44
869,Loyal Regular,2976,2025-09-25,18.79
870,Impulse Buyer,294,2025-08-29,5.68
871,Impulse Buyer,1846,2025-06-20,7.41
872,Bargain Hunter,522,2025-08-12,4.86
873,Bargain Hunter,278,2025-06-12,10.3
874,Loyal Regular,9528,2026-02-16,25.52
875,Loyal Regular,10668,2026-01-08,21.3
876,Loyal Regular,7766,2026-02-22,31.19
877,Bargain Hunter,973,2025-10-04,4.8
878,Impulse Buyer,2427,2025-07-10,6.71
879,Loyal Regular,6628,2026-02-09,20.03
880,Impulse Buyer,1228,2025-08-29,4.64
881,Bargain Hunter,968,2026-02-18,4.44
882,Loyal Regular,4573,2026-02-14,13.2
883,Loyal Regular,12342,2025-12-06,23.38
884,Bargain Hunter,261,2025-04-04,5.01
885,Occasional Shopper,270,2025-11-02,5.48
886,Loyal Regular,5416,2026-01-02,25.48
887,Bargain Hunter,255,2025-03-26,21.51
888,Loyal Regular,12563,2025-10-15,23.22
889,Occasional Shopper,66,2025-03-11,2.78
890,Occasional Shopper,336,2025-05-26,4.21
891,Bargain Hunter,1221,2025-10-23,12
892,Occasional Shopper,655,2025-03-12,6.3
893,Bargain Hunter,501,2025-11-13,23.81
894,Occasional Shopper,178,2025-04-22,6.07
895,Impulse Buyer,648,2025-04-03,1.13
896,Loyal Regular,11925,2025-10-09,14.3
897,Occasional Shopper,325,2025-09-27,3.81
898,Bargain Hunter,1198,2025-06-26,18.34
899,Impulse Buyer,1656,2025-05-18,5.39
900,Occasional Shopper,672,2025-03-21,4.78
901,Bargain Hunter,402,2025-09-25,20.98
902,Occasional Shopper,207,2026-02-10,2.69
903,Loyal Regular,4427,2026-01-26,31.86
904,Occasional Shopper,342,2026-01-24,4.47
905,Loyal Regular,11812,2025-10-21,32.98
906,Occasional Shopper,398,2025-03-10,5.15
907,Loyal Regular,10421,2025-08-23,22.99
908,Loyal Regular,14152,2026-02-14,16.54
909,Loyal Regular,14104,2025-10-24,10.05
910,Occasional Shopper,246,2025-03-18,4.51
911,Occasional Shopper,745,2025-08-01,6.5
912,Loyal Regular,10281,2025-11-11,7.66
913,Loyal Regular,4788,2026-02-11,30.5
914,Loyal Regular,5313,2025-11-16,25.1
915,Bargain Hunter,1033,2025-12-13,16.45
916,Bargain Hunter,1207,2025-12-12,10.79
917,Impulse Buyer,1492,2025-11-02,2.71
918,Bargain Hunter,1992,2025-04-05,3.48
919,Loyal Regular,14521,2026-01-27,20.6
920,Bargain Hunter,124,2025-05-13,3.81
921,Loyal Regular,4731,2026-02-22,31.26
922,Bargain Hunter,1325,2025-12-06,4.66
923,Bargain Hunter,1636,2025-09-29,14.41
924,Bargain Hunter,240,2025-07-23,20.64
925,Loyal Regular,8320,2026-02-01,17.36
926,Bargain Hunter,1823,2026-02-14,4.18
927,Loyal Regular,13359,2025-09-15,7.04
928,Loyal Regular,13877,2025-12-05,34.44
929,Impulse Buyer,1234,2025-05-01,9.16
930,Bargain Hunter,901,2025-12-09,22.63
931,Impulse Buyer,1740,2025-08-20,3.31
932,Loyal Regular,11566,2025-09-03,26.95
933,Impulse Buyer,837,2025-03-21,6.7
934,Loyal Regular,13016,2026-01-24,16.24
935,Impulse Buyer,1593,2025-07-27,4.75
936,Bargain Hunter,579,2025-08-15,12.29
937,Occasional Shopper,514,2025-07-26,7.51
938,Occasional Shopper,14,2025-07-05,6.72
939,Loyal Regular,11668,2025-11-04,9.6
940,Impulse Buyer,2055,2025-08-28,1.46
941,Loyal Regular,7926,2025-11-29,31.21
942,Loyal Regular,7379,2025-12-17,14.67
943,Impulse Buyer,1185,2025-05-19,9.61
944,Bargain Hunter,1800,2026-02-21,10.08
945,Occasional Shopper,482,2025-11-01,1.34
946,Loyal Regular,3279,2025-12-14,29.9
947,Impulse Buyer,2061,2025-09-03,7.66
948,Occasional Shopper,789,2025-04-23,6.68
949,Bargain Hunter,371,2025-07-24,11.13
950,Impulse Buyer,117,2026-01-09,9.52
951,Bargain Hunter,338,2025-12-15,13.59
952,Occasional Shopper,219,2026-01-19,6.42
953,Impulse Buyer,1561,2025-03-29,9.29
954,Impulse Buyer,737,2025-08-04,9.78
955,Occasional Shopper,642,2025-03-25,5.91
956,Loyal Regular,14071,2025-08-22,20.44
957,Occasional Shopper,788,2025-06-01,3.57
958,Occasional Shopper,528,2025-12-10,7.65
959,Bargain Hunter,77,2025-11-18,21.3
960,Bargain Hunter,1147,2026-02-09,20.16
961,Occasional Shopper,395,2025-04-30,4.44
962,Bargain Hunter,1457,2025-09-21,21.18
963,Occasional Shopper,104,2025-07-17,4.31
964,Loyal Regular,4229,2025-09-28,15.85
965,Occasional Shopper,767,2025-04-19,7.24
966,Bargain Hunter,207,2025-11-26,10.48
967,Occasional Shopper,721,2025-10-14,4.65
968,Impulse Buyer,731,2026-01-08,5.92
969,Bargain Hunter,1801,2025-12-07,9.95
970,Impulse Buyer,2916,2025-03-15,7.93
971,Impulse Buyer,1118,2025-05-16,8.28
972,Occasional Shopper,762,2025-04-26,3.17
973,Bargain Hunter,1183,2025-12-14,14.8
974,Impulse Buyer,287,2025-04-10,7.81
975,Bargain Hunter,257,2026-03-08,13.17
976,Occasional Shopper,370,2025-03-18,5.98
977,Bargain Hunter,1872,2026-01-14,18.18
978,Occasional Shopper,360,2025-10-28,6.9
979,Bargain Hunter,1014,2025-04-08,12.49
980,Loyal Regular,2176,2026-01-01,11.32
981,Loyal Regular,13565,2026-01-26,17.82
982,Bargain Hunter,1292,2025-07-22,19.62
983,Impulse Buyer,2074,2025-10-11,1.16
984,Impulse Buyer,2396,2025-11-15,7.24
985,Impulse Buyer,1429,2025-09-07,1.29
986,Bargain Hunter,1070,2025-05-20,20.8
987,Loyal Regular,14868,2025-11-16,22.7
988,Bargain Hunter,1987,2025-05-08,23.28
989,Loyal Regular,5472,2025-09-18,34.98
990,Impulse Buyer,204,2025-09-02,8.76
991,Impulse Buyer,869,2026-01-23,7.59
992,Impulse Buyer,770,2025-04-19,2.76
993,Loyal Regular,14692,2026-02-27,31.48
994,Impulse Buyer,874,2026-02-08,3.76
995,Impulse Buyer,2199,2025-04-02,8.51
996,Bargain Hunter,1759,2025-12-04,24.75
997,Occasional Shopper,330,2025-03-13,4.13
998,Occasional Shopper,558,2025-05-13,1.19
999,Occasional Shopper,667,2025-05-16,3.92
1000,Bargain Hunter,396,2025-09-12,17.57
